T,Genjyo,Suggested
30,0.0386629875090803,0.0386629875090803
65,0.0512406787648716,0.0512406787648716
100,0.0627890442503629,0.0627890442503629
200,0.0940692982518634,0.0940692982518634
