T,Genjyo,Suggested
30,0.0532767691057444,0.0396284703774742
65,0.0926080138420855,0.0521585085152605
100,0.133869061507417,0.063566433567118
200,0.255619642596549,0.0944339251131635
