T,Genjyo,Suggested
30,0.0542749876259,0.0409478218784911
65,0.094144394416463,0.0545770259391081
100,0.135851851028038,0.0670746197271197
200,0.25842454926251,0.101125138964079
